{"columns": ["BIAS", "das_tend.0", "das_vas.0", "das_swol.0", "crp.0", "FIRSTBIO", "WEIGHT", "HEIGHT", "DISDUR", "SMOKE_current", "SMOKE_past", "BIO_adalimumab", "BIO_infliximab", "AGEONSET", "HAQ", "SEX", "SERO", "CONCURRENT_DMARD"], "pooled_coefs": [0.03477656878685762, -0.2082927923618297, -0.03240544211487375, 0.06619039844519352, -0.030914623965938415, 0.41272356326771636, -0.10665686519849452, -0.028627368186652246, 0.15103468798229974, -0.05075953798337317, 0.10224938419892929, 0.014165525428772302, -0.08974461151546433, -0.10761788004416228, -0.30525257805836514, 0.03964485239074525, 0.16629795130332406, 0.07693842486418316], "pooled_ses": [0.08453122357454255, 0.09252236359682345, 0.08882078491485428, 0.09231185339980064, 0.08548974263907895, 0.09677067612965584, 0.09446145304113464, 0.09137957481949713, 0.10672116223556048, 0.09469125552041945, 0.09502031981616024, 0.08581493537113591, 0.0879558921850179, 0.10377612917601524, 0.09731821139504196, 0.09911321744613512, 0.0870997491996114, 0.08605358032857024], "pooled_p_vals": [0.6809217727502138, 0.02472922563823851, 0.715359198204611, 0.4736362490114524, 0.717766150437751, 2.327088728507837e-05, 0.2593127626730619, 0.754179310857975, 0.15754845357150712, 0.59213197441625, 0.28235107862035724, 0.8689476785990944, 0.30800898733130044, 0.30017549631359536, 0.001799381448148523, 0.6893140140593723, 0.05674524190207327, 0.37167341415614574]}