{"columns": ["BIAS", "das_tend.0", "das_vas.0", "das_swol.0", "crp.0", "FIRSTBIO", "WEIGHT", "HEIGHT", "DISDUR", "SMOKE_current", "SMOKE_past", "AGEONSET", "HAQ", "SEX", "SERO", "CONCURRENT_DMARD"], "pooled_coefs_1": [-4.1754054494790145, 0.051261090778704346, 0.002733506859754322, 0.00016306856887450105, 0.0013684772420037487, -1.328742210134195, -0.0009986539759284344, 0.01931824684273597, -0.004003794563180689, -0.08895561220453421, -0.2659599704520453, 0.017431127360944862, 0.5961731022048944, 0.14226528517609033, -0.9058722315315233, -0.05094020045354268], "pooled_ses_1": [2.9009058786551485, 0.018469096998131627, 0.006545261589588589, 0.024305492118226784, 0.004260948598724132, 0.46737070819509935, 0.006641343091427562, 0.014884564776453958, 0.014695877649599435, 0.3364373929170418, 0.2580898942488837, 0.010661693574151624, 0.21161364900214308, 0.346290301163446, 0.3757880412070318, 0.3347519418232631], "pooled_p_vals_1": [0.150852692795891, 0.005777803919871384, 0.6764484253533272, 0.9946504154739926, 0.7482592045246522, 0.00471015950729853, 0.8805537083493072, 0.19513477785202188, 0.785437602387207, 0.7916206012897132, 0.3034798628095075, 0.10295503519340604, 0.005119276603532092, 0.6814537048127179, 0.016450343944838425, 0.8791402117613663], "pooled_coefs_2": [-0.3552991573762524, -0.005216069752459698, -0.0002473810367869418, -0.0831946948090965, 0.0032926989467866852, -1.3610904302179725, 0.0007916083404386554, 0.005675348311022898, -0.04420637953047273, 0.27978274636446826, -0.41710153094500013, 0.004058069230260622, 0.9387631681929482, 0.014352631237734493, -1.1204603483696638, -0.5123145827554458], "pooled_ses_2": [3.8424503519994158, 0.026262487881475897, 0.009440729247852858, 0.04114865666569036, 0.005816868660285152, 0.5677261163516267, 0.008957391067047746, 0.01890618825784184, 0.02714045234982614, 0.43869100066413474, 0.3813598377961783, 0.014775079769792906, 0.3164672953208944, 0.49371037980423693, 0.4665425168155469, 0.464499196978722], "pooled_p_vals_2": [0.9263818180623036, 0.8426854948336491, 0.9791105888634748, 0.043998614554261864, 0.5717377927537151, 0.01707044554774934, 0.9296331768302312, 0.7642302504653986, 0.10451277100036459, 0.5241661735901256, 0.275062545351564, 0.7837942988886326, 0.003291306240307415, 0.9768303375787514, 0.017034567994480988, 0.2710954530524937]}