{"columns": ["BIAS", "das_tend.0", "das_vas.0", "das_swol.0", "esr.0", "FIRSTBIO", "WEIGHT", "HEIGHT", "DISDUR", "SMOKE_current", "SMOKE_past", "AGEONSET", "HAQ", "SEX", "SERO", "CONCURRENT_DMARD"], "pooled_coefs_1": [-5.725889428713842, 0.01938822884620583, -0.010547398390767506, 0.014246577564669119, 0.011925272155329287, -0.19757072284709004, 0.009057590640875485, 0.0105020259110084, -0.010584632383672271, 0.026973412862525227, -0.1358170907686272, 0.03258321427680526, 0.8478959391695378, 0.4453294518795288, 0.407270263810219, -0.36331371623655134], "pooled_ses_1": [2.769397139639938, 0.021006048819431238, 0.007609032613815799, 0.0276325093848797, 0.005164347147753264, 0.5438220588929171, 0.0068035543596602814, 0.012593879450783755, 0.017104624343426186, 0.3368645945756975, 0.2751769328286508, 0.011941494355906641, 0.2302797391876496, 0.36051027477943975, 0.3739774050748208, 0.32582763529533065], "pooled_p_vals_1": [0.03938746954029865, 0.35663098653031855, 0.16655797653834825, 0.606476587861133, 0.021518496812768448, 0.7166022132932943, 0.18397544543811456, 0.40492770327790195, 0.5365314666415921, 0.936236757160541, 0.6220028145381956, 0.006767932636832892, 0.0002789968563477784, 0.21780774222588078, 0.27712974829220904, 0.265844680971443], "pooled_coefs_2": [-2.7795134002971347, -0.030356157595324517, -0.007421467807060029, -0.012564326952109253, 0.007784993069942049, -1.4341215097375328, 0.008647800086578648, 0.004630186196488043, -0.033664688480648436, 0.5203351973817067, -0.16338003892292313, 0.01764734426392515, 0.7553175924606148, 0.3698255616707801, -0.2903690456651191, 0.515887677378142], "pooled_ses_2": [3.417255173701828, 0.028807822618464898, 0.009859222567794418, 0.0391352462720647, 0.006930955606655087, 0.5284170255770725, 0.008778986997635222, 0.015151474580245955, 0.02430296866934769, 0.40493656445685017, 0.3825111707838107, 0.015529802060311576, 0.2960831856940184, 0.4738047889686058, 0.42105552212172087, 0.5437969901271057], "pooled_p_vals_2": [0.4167442747668215, 0.29298158434282245, 0.4522941718020532, 0.7484377622045655, 0.26241584667909873, 0.007111839562214251, 0.3255605156738761, 0.7601752131455164, 0.1672826879599134, 0.20005662049187314, 0.6696813876549876, 0.2569835523524604, 0.011393022837026725, 0.43588513270845664, 0.49114433434087656, 0.3438174093797556]}