{"columns": ["BIAS", "das_tend.0", "das_vas.0", "das_swol.0", "crp.0", "FIRSTBIO", "WEIGHT", "HEIGHT", "DISDUR", "SMOKE_current", "SMOKE_past", "AGEONSET", "HAQ", "SEX", "SERO", "CONCURRENT_DMARD"], "pooled_coefs_1": [2.6259074662839614, -0.037150120395041036, -0.0024241616524442546, 0.01588677620028429, -0.0016806033284989049, 1.3466482686891799, 0.0005639298530145818, -0.015607769448233619, 0.012115891378064958, -0.020497886107471726, 0.30433586769692667, -0.014055385375912735, -0.6844243378902839, -0.11525931347024529, 0.9840243711898404, 0.1483547073924246], "pooled_ses_1": [2.5962516030050056, 0.01707308297829453, 0.0060713194832176945, 0.0229726963808819, 0.0039712495342065345, 0.442734323798432, 0.006029553693925183, 0.013066615297791653, 0.014164844677627943, 0.30629822822091124, 0.24055979281536194, 0.009813347670963668, 0.19566483821367286, 0.3182574395660512, 0.35030580221209573, 0.30929984625787094], "pooled_p_vals_1": [0.31243904626515157, 0.030160609248738795, 0.6899066713258566, 0.48963809804964376, 0.6723932249022873, 0.0025163525253547358, 0.9255342275422714, 0.2330526249208641, 0.3929527055470642, 0.9466834442030674, 0.2066978089343467, 0.15299187417438753, 0.0005324198585668924, 0.7174653298974657, 0.005266409053647951, 0.6317996691992883]}