{"columns": ["BIAS", "das_tend.0", "das_vas.0", "das_swol.0", "esr.0", "FIRSTBIO", "WEIGHT", "HEIGHT", "DISDUR", "SMOKE_current", "SMOKE_past", "AGEONSET", "HAQ", "SEX", "SERO", "CONCURRENT_DMARD"], "pooled_coefs_1": [3.8442559446985998, -0.005914299122341644, 0.009714127898416811, -0.009095031197263629, -0.01132323649113425, 0.7486663285661466, -0.008952199173884488, -0.008106600167505397, 0.01953763989077468, -0.1873746823981218, 0.15316013511258733, -0.027642773549891864, -0.8250130169445817, -0.41464558576694943, -0.15582106794220535, 0.15759801991584058], "pooled_ses_1": [2.449970144117129, 0.019368679344134335, 0.006985090819769121, 0.02576299749884517, 0.004861601553659148, 0.4488169775330313, 0.00622641878390555, 0.01098618081208851, 0.015662183003366633, 0.3024782495390501, 0.25399311890979315, 0.010794521156774659, 0.20866228112761226, 0.3255537791521809, 0.3241314798422965, 0.30776655272436015], "pooled_p_vals_1": [0.11748874900156615, 0.7602715928820888, 0.16517688104965841, 0.7242779125627656, 0.020418175468231468, 0.09619355991410254, 0.15140185867529155, 0.4610864678480101, 0.21319351479998377, 0.5360762631691978, 0.5469586685473447, 0.010936164010354589, 9.637425095782337e-05, 0.2037975922542513, 0.6310691480458686, 0.6089959575762357]}