{"columns": ["BIAS", "das_tend.0", "das_vas.0", "das_swol.0", "crp.0", "FIRSTBIO", "WEIGHT", "HEIGHT", "DISDUR", "SMOKE_current", "SMOKE_past", "AGEONSET", "HAQ", "SEX", "SERO", "CONCURRENT_DMARD"], "pooled_coefs_1": [-2.7207711471179286, 0.0410915640945242, 0.0033070931496435806, 0.03199844333909478, 0.007721760679052787, -1.5230189142247794, 0.023245393042542622, -0.009218082556216513, -0.0022648133208597325, 0.20139467644405692, -0.3214550253200375, 0.011580619087214779, 0.31949626215629773, -0.245043183301313, 1.3977101823060205, 0.06793956482424555], "pooled_ses_1": [2.634852857181576, 0.027553224394927748, 0.009949395766891406, 0.03943511427608536, 0.007538717047867408, 0.5763127727457594, 0.009907403104607124, 0.010262992713815545, 0.022701633959385133, 0.5116183762853197, 0.3879940924146064, 0.01539769547601175, 0.3543971765384193, 0.4970324795636416, 0.605205097501375, 0.5769185386059626], "pooled_p_vals_1": [0.3031561416350602, 0.13761887048610086, 0.7399850199216547, 0.41822093382824177, 0.30712531791068004, 0.008984876034359492, 0.020121156082489412, 0.37038508066185405, 0.9206531954428614, 0.6943625492727177, 0.4086188068012332, 0.45311009216126064, 0.3687136394697308, 0.6227135136897006, 0.02227846930588856, 0.9064149147015326], "pooled_coefs_2": [2.2052875092095165, 0.01877433686790433, -0.00844274925287269, -0.023223974695691204, -0.019591260147206847, -1.8029985662222408, 0.011665970319246498, 0.007422291280512675, -0.08414450823830182, 0.9273899088248962, 0.6947839965042082, -0.03748567506993604, 0.7664907240892115, -0.8469831728903822, -0.882156712183148, -1.4031599573007612], "pooled_ses_2": [4.440389265987929, 0.035116005753729106, 0.014110109975789455, 0.05331402373272214, 0.014522421296191837, 0.6905881464992375, 0.013077068415310195, 0.020430103926966377, 0.03563828744983884, 0.7022182528592127, 0.5783269354024094, 0.020259129528024715, 0.4881839555932402, 0.656782053361947, 0.6054577567279552, 0.7046829312101065], "pooled_p_vals_2": [0.6201943998374878, 0.5937344526234338, 0.5505742492956321, 0.6638022492331797, 0.1795701405058771, 0.01006416891777053, 0.3740164240428677, 0.7169919276297692, 0.019793100802087082, 0.18910963861848332, 0.23199524661679818, 0.06680007486123671, 0.11924038758080598, 0.2000088015190719, 0.14814120327129288, 0.04914921464076646]}