{"columns": ["BIAS", "das_tend.0", "das_vas.0", "das_swol.0", "esr.0", "FIRSTBIO", "WEIGHT", "HEIGHT", "DISDUR", "SMOKE_current", "SMOKE_past", "AGEONSET", "HAQ", "SEX", "SERO", "CONCURRENT_DMARD"], "pooled_coefs_1": [11.505697257934077, 0.04251219300450335, 0.01263775606262443, -0.012353750411702539, 0.016746857751275608, -0.37979373026013297, 0.041881865343111925, -0.09803460141392104, -0.011574388472712496, 0.28569579864103983, 0.4057551201573054, -0.02421357044051859, 0.42895643218908697, -0.8434875590280534, 1.5904707941637786, -0.929609070506754], "pooled_ses_1": [5.518995578098605, 0.03122028295484127, 0.011312576738275121, 0.04423924529283064, 0.008906990448324744, 0.6435764223237551, 0.013645491362915476, 0.032093635778635214, 0.025795545013720306, 0.5909706724751058, 0.4349374366581063, 0.01791765142272261, 0.38892416646885275, 0.6257967242849605, 0.6530513018488574, 0.6329622494283546], "pooled_p_vals_1": [0.03878515405608515, 0.17536699205783968, 0.26577429175340295, 0.7804562200974794, 0.06214135390368877, 0.5560640430965046, 0.002589807669370208, 0.0027290053456227596, 0.6544022356573662, 0.629619235545111, 0.35267486501689715, 0.17906776975339805, 0.27227393266314287, 0.18036150642654988, 0.016443770154564014, 0.14477965063114792], "pooled_coefs_2": [14.391653063754822, -0.019946422345881436, -0.013868812730132563, -0.09418010531444077, -0.013261642489523518, -1.3079231741970696, 0.02631371582364128, -0.0809180826050597, -0.0371752433164754, 0.8170850062928144, 0.7006842019796509, -0.05559198458329497, 1.4380920873362029, -0.8990106307703849, -0.6995521033516814, 0.5901727381246218], "pooled_ses_2": [6.555547165817821, 0.037702164365005814, 0.015202605502743488, 0.06728940817342763, 0.014240219030126624, 0.7701023461792956, 0.015320086543372732, 0.03584800454149186, 0.03268793264513658, 0.7408748678676148, 0.5821910311077069, 0.022750694510006084, 0.5610216046980611, 0.7802079937986055, 0.6953069522642079, 1.2657383461598495], "pooled_p_vals_2": [0.03032222479739133, 0.5978973511021013, 0.3637910782221323, 0.16473652226060792, 0.35400918478331944, 0.09272005017633514, 0.08923242584091698, 0.026450932652839966, 0.25856136753543535, 0.2732138351023498, 0.23221716871039225, 0.0167409426710561, 0.01231647164999695, 0.25295460647844537, 0.3177645154191887, 0.6424949209369917]}