{"columns": ["BIAS", "das_tend.0", "das_vas.0", "das_swol.0", "crp.0", "FIRSTBIO", "WEIGHT", "HEIGHT", "DISDUR", "SMOKE_current", "SMOKE_past", "AGEONSET", "HAQ", "SEX", "SERO", "CONCURRENT_DMARD"], "pooled_coefs_1": [-0.1044429999343246, -0.03157098112510086, 0.0008609831368287998, -0.015204684460496063, -0.0010909783042557495, 1.5701122094525903, -0.01977973121412966, 0.006084597838362976, 0.024224438311957135, -0.3221366204131429, 0.051467916218933284, 0.0043392007355024225, -0.4594796129715088, 0.43729259436039447, -0.5249140374162393, 0.40695643815812665], "pooled_ses_1": [2.3452940337111086, 0.024485109317630347, 0.008958286572437597, 0.036161787997916264, 0.006873713320415883, 0.532808537194998, 0.009124360756065495, 0.009696283144663335, 0.020289236423785124, 0.46114409822603847, 0.3529392868806638, 0.013156267243860556, 0.3230000763246493, 0.4479077181111884, 0.4657735162453888, 0.5045435403116746], "pooled_p_vals_1": [0.9645283154436399, 0.1989157533055789, 0.9235413542753408, 0.674661709549041, 0.8740760565299904, 0.003657234372349344, 0.031578705620229505, 0.53118262907426, 0.2342230245641702, 0.485831706588402, 0.884242466212218, 0.741975149816088, 0.15692155748588263, 0.33049927933759404, 0.2615921538297785, 0.42122911464758706]}