{"columns": ["BIAS", "das_tend.0", "das_vas.0", "das_swol.0", "esr.0", "FIRSTBIO", "WEIGHT", "HEIGHT", "DISDUR", "SMOKE_current", "SMOKE_past", "AGEONSET", "HAQ", "SEX", "SERO", "CONCURRENT_DMARD"], "pooled_coefs_1": [-13.24881786873026, -0.018203427816340646, -0.003642841206538654, 0.025989884242084472, -0.0097130161849583, 0.7187142634030808, -0.034706692500974724, 0.08913093990064239, 0.027654373384211138, -0.4714910778285799, -0.4655856854509654, 0.03689899416575545, -0.7869776474228468, 0.8906495357337079, -0.8060158418624244, 0.7384603582488827], "pooled_ses_1": [5.2937627590840215, 0.027322048929609762, 0.010044750323495423, 0.04168943708583573, 0.008163143929254676, 0.5744977243011589, 0.01247626517258047, 0.030490836345978493, 0.022738671920705097, 0.5239617551047885, 0.3933948925098783, 0.015946518597986847, 0.3528850434366739, 0.5785998826998704, 0.5206750098726542, 0.6241235650024843], "pooled_p_vals_1": [0.013395818460154993, 0.5062856345695044, 0.7173845119910951, 0.5340026021423955, 0.23609953894222044, 0.2130385463845758, 0.006174585284027645, 0.004080977548382303, 0.22613127196043742, 0.36989534983623185, 0.23886189307967692, 0.02234499131028086, 0.027628069708246085, 0.12651705630988774, 0.12446089560948821, 0.23930720734334854]}