{"columns": ["BIAS", "das_tend.0", "das_vas.0", "das_swol.0", "esr.0", "FIRSTBIO", "WEIGHT", "HEIGHT", "DISDUR", "SMOKE_current", "SMOKE_past", "BIO_adalimumab", "BIO_infliximab", "AGEONSET", "HAQ", "SEX", "SERO", "CONCURRENT_DMARD"], "pooled_coefs": [-0.11061889213046798, -0.06437660986360685, 0.0664143817279932, 0.05969161131315526, -0.2797670579991515, 0.19793330514741622, -0.20915138944789388, 0.04784692334842944, 0.17133646387563212, -0.11991057557831677, -0.011777906506357905, -0.0039002124245315533, -0.07380415016386285, -0.14625417893465492, -0.37393328581610846, -0.09256214478177201, -0.05904181206209926, 0.08347869581954867], "pooled_ses": [0.08835291558898933, 0.10160645396768647, 0.09356456498404052, 0.09926126776708577, 0.09726501506592324, 0.09216786758723097, 0.10078781568010373, 0.10409586830292514, 0.11140302989709688, 0.0990805669250387, 0.0992504752157508, 0.09029745360244722, 0.08997181328119906, 0.11072933123377898, 0.10353963854477038, 0.10665730635891588, 0.09041701980617595, 0.0901931372651564], "pooled_p_vals": [0.2110987424251675, 0.5266147923855906, 0.4781171740403648, 0.5478528613636664, 0.004182331566767021, 0.032197738588058356, 0.03844866244351254, 0.645960181366197, 0.12466770566931937, 0.2267486479848416, 0.9055848243116649, 0.965564776023551, 0.41243141122789784, 0.18716172797736658, 0.000335217394918413, 0.3858972625794935, 0.5140637311423858, 0.3551313857859423]}